Hit	DB	Accession	Description	Organism	Length	Score(Bits)	Identities(%)	Positives(%)	E()
1	SP	Q4U331	Delta(1)-pyrroline-2-carboxylate/Delta(1)-piperideine-2-carboxylate reductase OS=Pseudomonas syringae pv. tomato OX=323 GN=dpkA PE=1 SV=1	Pseudomonas syringae pv. tomato	343	1772	100.0	100.0	0.0
2	TR	Q883J8	Ureidoglycolate dehydrogenase OS=Pseudomonas syringae pv. tomato (strain ATCC BAA-871 / DC3000) OX=223283 GN=allD PE=4 SV=1	Pseudomonas syringae pv. tomato (strain ATCC BAA-871 / DC3000)	343	1748	98.8	98.8	0.0
3	TR	A0A3R8TWT1	Ldh family oxidoreductase OS=Pseudomonas sp. v388 OX=2479849 GN=EGJ27_18890 PE=4 SV=1	Pseudomonas sp. v388	343	1414	80.1	88.7	0.0
4	TR	A0A0Q5EJ55	Lactate dehydrogenase OS=Pseudomonas sp. Leaf127 OX=1736267 GN=ASF84_12580 PE=4 SV=1	Pseudomonas sp. Leaf127	341	1400	79.8	89.2	0.0
5	TR	A0A6M8MCE5	Delta(1)-pyrroline-2-carboxylate/Delta(1)-piperideine-2-carboxylate reductase OS=Pseudomonas graminis OX=158627 GN=FX982_03383 PE=4 SV=1	Pseudomonas graminis	343	1392	76.8	90.0	0.0
6	TR	A0A0C5E4M4	Uncharacterized protein OS=Pseudomonas sp. MRSN 12121 OX=1611770 GN=TO66_14500 PE=4 SV=1	Pseudomonas sp. MRSN 12121	345	1371	76.0	87.1	0.0
7	TR	A0A0M9GGT1	Malate/lactate dehydrogenase OS=Pseudomonas fuscovaginae OX=50340 GN=PF66_02708 PE=4 SV=1	Pseudomonas fuscovaginae	342	1357	75.4	87.8	0.0
8	TR	A0A010SQ41	Lactate dehydrogenase OS=Pseudomonas fluorescens HK44 OX=1042209 GN=HK44_005745 PE=4 SV=1	Pseudomonas fluorescens HK44	346	1351	76.6	87.4	0.0
9	TR	A0A105T8K7	(2R)-3-sulfolactate dehydrogenase (NADP(+)) OS=Pseudomonas sp. TAD18 OX=1729583 GN=comC PE=4 SV=1	Pseudomonas sp. TAD18	343	1348	77.4	86.5	0.0
10	TR	A0A8S0GVT2	Lactate dehydrogenase OS=Pseudomonas sp. Boi14 OX=2799183 GN=PBOI14_27990 PE=4 SV=1	Pseudomonas sp. Boi14	348	1345	76.5	85.0	0.0
11	TR	A0A3M3EQ59	Uncharacterized protein OS=Pseudomonas corrugata OX=47879 GN=ALQ77_00518 PE=4 SV=1	Pseudomonas corrugata	343	1330	74.9	85.7	0.0
12	TR	A0A0X1T6K9	Lactate dehydrogenase OS=Pseudomonas agarici OX=46677 GN=AWM79_21635 PE=4 SV=1	Pseudomonas agarici	344	1329	74.9	86.6	0.0
13	TR	A0A934T568	Ldh family oxidoreductase OS=Pseudomonas sp. TH10 OX=2796376 GN=JFT80_11055 PE=4 SV=1	Pseudomonas sp. TH10	349	1326	73.6	85.2	0.0
14	TR	A0A3M5N4L7	Lactate dehydrogenase OS=Pseudomonas azotoformans OX=47878 GN=ALP43_03334 PE=4 SV=1	Pseudomonas azotoformans	345	1291	75.2	85.2	1.3e-176
15	TR	A0A410GG87	Lactate dehydrogenase OS=Pusillimonas thiosulfatoxidans OX=2028345 GN=CKA81_16785 PE=4 SV=1	Pusillimonas thiosulfatoxidans	342	1289	72.4	82.7	2.3e-176
16	TR	A0A2D2M6I8	Lactate dehydrogenase OS=Pseudomonas sp. HLS-6 OX=2049589 GN=CS390_11565 PE=4 SV=1	Pseudomonas sp. HLS-6	343	1288	72.1	83.5	3.5e-176
17	TR	A0A656YL51	Lactate dehydrogenase (Fragment) OS=Pseudomonas fluorescens ABAC62 OX=1230466 GN=AO262_35080 PE=4 SV=1	Pseudomonas fluorescens ABAC62	328	1283	74.1	85.3	1.2e-175
18	TR	A0A089YTC4	Lactate dehydrogenase OS=Pseudomonas rhizosphaerae OX=216142 GN=LT40_09710 PE=4 SV=1	Pseudomonas rhizosphaerae	341	1276	72.0	82.1	2.2e-174
19	TR	A0A0T6UUU6	Lactate dehydrogenase OS=Pseudomonas sp. TTU2014-080ASC OX=1729724 GN=AO726_09305 PE=4 SV=1	Pseudomonas sp. TTU2014-080ASC	337	1274	72.1	84.2	3.8e-174
20	TR	A0A239EIQ1	Delta1-piperideine 2-carboxylate reductase OS=Pseudomonas japonica OX=256466 GN=SAMN05444352_10819 PE=4 SV=1	Pseudomonas japonica	336	1271	72.4	83.8	1e-173
21	TR	A0A2U8GRE0	Lactate dehydrogenase OS=Parazoarcus communis OX=41977 GN=CEW83_14275 PE=4 SV=1	Parazoarcus communis	341	1268	74.1	83.8	3.5e-173
22	TR	A0A315WU07	Lactate dehydrogenase OS=Pseudomonas sp. SDI OX=2170734 GN=DCO48_08275 PE=4 SV=1	Pseudomonas sp. SDI	337	1266	72.2	83.2	6.2e-173
23	TR	A0A410URA8	Ldh family oxidoreductase OS=Janthinobacterium sp. 17J80-10 OX=2497863 GN=EKL02_06225 PE=4 SV=1	Janthinobacterium sp. 17J80-10	343	1265	74.2	83.9	1.1e-172
24	TR	I4N4H6	Malate/L-lactate dehydrogenase OS=Pseudomonas sp. M47T1 OX=1179778 GN=PMM47T1_12176 PE=4 SV=1	Pseudomonas sp. M47T1	338	1264	70.6	82.8	1.3e-172
25	TR	A0A0A1YPQ8	Lactate dehydrogenase OS=Pseudomonas taeanensis MS-3 OX=1395571 GN=TMS3_0101670 PE=4 SV=1	Pseudomonas taeanensis MS-3	342	1264	72.5	83.0	1.5e-172
26	TR	C5TC94	Malate/L-lactate dehydrogenase OS=Acidovorax delafieldii 2AN OX=573060 GN=AcdelDRAFT_4525 PE=4 SV=1	Acidovorax delafieldii 2AN	376	1264	73.8	83.1	5e-172
27	TR	A0A4R3HTZ9	Delta1-piperideine-2-carboxylate reductase OS=Paucimonas lemoignei OX=29443 GN=EDC30_10637 PE=4 SV=1	Paucimonas lemoignei	342	1260	72.3	82.3	6.1e-172
28	TR	A0A3A3G7P5	Ldh family oxidoreductase OS=Noviherbaspirillum sedimenti OX=2320865 GN=D3878_22350 PE=4 SV=1	Noviherbaspirillum sedimenti	342	1249	73.6	82.7	2.9e-170
29	TR	Q88GX6	Delta 1-piperideine-2-carboxylate reductase OS=Pseudomonas putida (strain ATCC 47054 / DSM 6125 / CFBP 8728 / NCIMB 11950 / KT2440) OX=160488 GN=dpkA PE=4 SV=1	Pseudomonas putida (strain ATCC 47054 / DSM 6125 / CFBP 8728 / NCIMB 11950 / KT2440)	332	1240	71.5	82.7	4.7e-169
30	SP	Q5FB93	Delta(1)-pyrroline-2-carboxylate/Delta(1)-piperideine-2-carboxylate reductase OS=Pseudomonas putida OX=303 GN=dpkA PE=1 SV=1	Pseudomonas putida	341	1233	70.9	82.7	7.5e-168
31	TR	A0A853G1Z0	Ldh family oxidoreductase OS=Parapusillimonas granuli OX=380911 GN=H0A72_06865 PE=4 SV=1	Parapusillimonas granuli	339	1227	71.8	79.9	5.7e-167
32	TR	A0A089WNT6	Lactate dehydrogenase OS=Pseudomonas cremoricolorata OX=157783 GN=LK03_17665 PE=4 SV=1	Pseudomonas cremoricolorata	339	1221	69.4	80.6	4.7e-166
33	TR	A0A0J0UQN5	Lactate dehydrogenase OS=Diaphorobacter sp. J5-51 OX=680496 GN=OX89_03000 PE=4 SV=1	Diaphorobacter sp. J5-51	350	1213	69.7	78.7	1.1e-164
34	TR	A0A2P1NMM7	Lactate dehydrogenase OS=Pulveribacter suum OX=2116657 GN=C7H73_11965 PE=4 SV=1	Pulveribacter suum	342	1203	68.6	79.6	2.8e-163
35	TR	A0A9J9FX07	Delta1-piperideine 2-carboxylate reductase OS=Acidovorax sp. (strain JS42) OX=232721 GN=Ajs_3134 PE=4 SV=1	Acidovorax sp. (strain JS42)	350	1203	69.9	77.7	3.8e-163
36	TR	A0A848HL07	Ldh family oxidoreductase OS=Massilia polaris OX=2728846 GN=HHL21_07185 PE=4 SV=1	Massilia polaris	345	1194	70.2	80.2	7.4e-162
37	TR	A0A840AQ39	Delta1-piperideine-2-carboxylate reductase OS=Kaistia hirudinis OX=1293440 GN=GGR25_002010 PE=4 SV=1	Kaistia hirudinis	348	1184	69.4	80.3	2.7e-160
38	TR	A0A7H0GMG5	Ldh family oxidoreductase OS=Diaphorobacter aerolatus OX=1288495 GN=H9K75_05580 PE=4 SV=1	Diaphorobacter aerolatus	351	1146	65.9	77.9	1.8e-154
39	TR	A0A1G9UJT6	Delta1-piperideine-2-carboxylate reductase OS=Oryzisolibacter propanilivorax OX=1527607 GN=SAMN05428957_10925 PE=4 SV=1	Oryzisolibacter propanilivorax	351	1139	66.6	77.1	2.1e-153
40	TR	A0A5B9DSA8	Ldh family oxidoreductase OS=Youhaiella tibetensis OX=1447062 GN=FNA67_18760 PE=4 SV=1	Youhaiella tibetensis	345	1138	64.7	78.1	2.4e-153
41	TR	A0A5D4H293	Ldh family oxidoreductase OS=Mesorhizobium microcysteis OX=2682781 GN=FY036_05495 PE=4 SV=1	Mesorhizobium microcysteis	341	1132	67.3	78.5	1.7e-152
42	TR	A0A6G8C0K4	Ldh family oxidoreductase OS=Diaphorobacter sp. HDW4B OX=2714925 GN=G7048_19730 PE=4 SV=1	Diaphorobacter sp. HDW4B	354	1131	64.6	78.0	3.8e-152
43	TR	A0A7G9RSG0	Ldh family oxidoreductase OS=Diaphorobacter ruginosibacter OX=1715720 GN=H9K76_06765 PE=4 SV=1	Diaphorobacter ruginosibacter	355	1129	65.9	76.6	8e-152
44	TR	W0AED0	Lactate dehydrogenase OS=Sphingomonas sanxanigenens DSM 19645 = NX02 OX=1123269 GN=NX02_14845 PE=4 SV=1	Sphingomonas sanxanigenens DSM 19645 = NX02	335	1121	64.8	77.3	6.5e-151
45	TR	A0A7W6UX30	Delta1-piperideine-2-carboxylate reductase OS=Rhizobium cellulosilyticum OX=393664 GN=GGE31_001717 PE=4 SV=1	Rhizobium cellulosilyticum	339	1108	64.7	78.4	7.1e-149
46	TR	A0A506UEJ0	Ldh family oxidoreductase OS=Martelella alba OX=2590451 GN=FJU08_07410 PE=4 SV=1	Martelella alba	353	1105	62.7	76.1	3.3e-148
47	TR	A0A8S0H5K1	Lactate dehydrogenase OS=Pseudomonas sp. Boi14 OX=2799183 GN=PBOI14_36880 PE=4 SV=1	Pseudomonas sp. Boi14	279	1096	77.7	86.1	5.6e-148
48	TR	A0A1I0VXS3	Delta1-piperideine-2-carboxylate reductase OS=Rhizobium sp. NFR07 OX=1566262 GN=SAMN03159496_00510 PE=4 SV=1	Rhizobium sp. NFR07	338	1100	63.9	77.4	1.1e-147
49	TR	A0A2S1XNF5	Lactate dehydrogenase OS=Azospirillum sp. TSH58 OX=664962 GN=TSH58p_20790 PE=4 SV=1	Azospirillum sp. TSH58	355	1098	61.8	77.0	4.1e-147
50	TR	A0A8J3GFT0	Lactate dehydrogenase OS=Limoniibacter endophyticus OX=1565040 GN=allD PE=4 SV=1	Limoniibacter endophyticus	345	1095	64.0	77.1	8.3e-147
51	TR	A0A6A8A520	Ldh family oxidoreductase OS=Endobacterium cereale OX=2663029 GN=GAO09_09820 PE=4 SV=1	Endobacterium cereale	339	1092	64.1	76.9	1.9e-146
52	TR	A0A397Q8L2	Delta1-piperideine-2-carboxylate reductase OS=Dichotomicrobium thermohalophilum OX=933063 GN=BXY53_1972 PE=4 SV=1	Dichotomicrobium thermohalophilum	337	1088	62.1	76.1	7.2e-146
53	TR	A0A813ACT8	DpkA protein OS=Symbiodinium necroappetens OX=1628268 GN=dpkA PE=4 SV=1	Symbiodinium necroappetens	336	1078	60.8	76.3	2.3e-144
54	TR	A0A917E7T4	Lactate dehydrogenase OS=Aureimonas endophytica OX=2027858 GN=GCM10011390_34640 PE=4 SV=1	Aureimonas endophytica	350	1079	64.2	75.8	2.7e-144
55	TR	N1MGA7	Delta 1-piperideine-2-carboxylate reductase / Delta 1-pyrroline-2-carboxylate reductase OS=Sphingobium indicum BiD32 OX=1301087 GN=EBBID32_3370 PE=4 SV=1	Sphingobium indicum BiD32	335	1077	62.6	77.8	3.2e-144
56	TR	A0A0Q5CUJ0	Lactate dehydrogenase OS=Rhizobium sp. Leaf306 OX=1736330 GN=ASG19_14805 PE=4 SV=1	Rhizobium sp. Leaf306	339	1076	62.3	77.5	5.2e-144
57	TR	A0A0J7Y1V3	Lactate dehydrogenase OS=Sphingobium cupriresistens LL01 OX=1420583 GN=V473_04115 PE=4 SV=1	Sphingobium cupriresistens LL01	354	1077	60.8	77.4	6.1e-144
58	TR	A0A196MNG7	Lactate dehydrogenase OS=Sphingobium sp. TCM1 OX=453246 GN=A7Q26_18905 PE=4 SV=1	Sphingobium sp. TCM1	334	1073	61.0	76.7	1.2e-143
59	TR	A0A0Q7DWL9	Lactate dehydrogenase OS=Devosia sp. Root413D1 OX=1736531 GN=ASC89_21670 PE=4 SV=1	Devosia sp. Root413D1	341	1064	59.0	75.7	3.7e-142
60	TR	G4R797	Delta 1-piperideine-2-carboxylate reductase / delta 1-pyrroline-2-carboxylate reductase OS=Pelagibacterium halotolerans (strain DSM 22347 / JCM 15775 / CGMCC 1.7692 / B2) OX=1082931 GN=KKY_1203 PE=4 SV=1	Pelagibacterium halotolerans (strain DSM 22347 / JCM 15775 / CGMCC 1.7692 / B2)	335	1060	60.6	75.5	1.2e-141
61	TR	A0A927ISU3	Ldh family oxidoreductase OS=Devosia oryzisoli OX=2774138 GN=IC608_06885 PE=4 SV=1	Devosia oryzisoli	334	1054	60.1	75.8	9.5e-141
62	TR	A0A1G7S4U2	Delta1-piperideine-2-carboxylate reductase OS=Pelagibacterium luteolum OX=440168 GN=SAMN04487974_101302 PE=4 SV=1	Pelagibacterium luteolum	333	1051	60.7	75.9	2.6e-140
63	TR	A0A0Q5H973	Lactate dehydrogenase OS=Aureimonas sp. Leaf324 OX=1736336 GN=ASF65_04140 PE=4 SV=1	Aureimonas sp. Leaf324	337	1049	60.6	76.1	6.1e-140
64	TR	F9YBH0	Malate/L-lactate dehydrogenase family protein OS=Ketogulonicigenium vulgare (strain WSH-001) OX=759362 GN=KVU_PB0044 PE=4 SV=1	Ketogulonicigenium vulgare (strain WSH-001)	342	1039	59.3	76.2	2.4e-138
65	TR	A0A4P6V7V3	Ldh family oxidoreductase OS=Roseitalea porphyridii OX=1852022 GN=E0E05_15290 PE=4 SV=1	Roseitalea porphyridii	344	1039	58.7	71.0	2.6e-138
66	TR	A0A1G7Z917	Delta1-piperideine-2-carboxylate reductase OS=Pelagibacterium luteolum OX=440168 GN=SAMN04487974_11830 PE=4 SV=1	Pelagibacterium luteolum	335	1031	61.2	73.9	3.1e-137
67	TR	B9K4F6	Malate dehydrogenase OS=Allorhizobium ampelinum (strain ATCC BAA-846 / DSM 112012 / S4) OX=311402 GN=mdh PE=4 SV=1	Allorhizobium ampelinum (strain ATCC BAA-846 / DSM 112012 / S4)	349	1002	57.8	74.7	1.3e-132
68	TR	A0A1B1PVP5	Lactate dehydrogenase OS=Salipiger sp. CCB-MM3 OX=1792508 GN=AYJ57_20035 PE=4 SV=1	Salipiger sp. CCB-MM3	334	994	59.3	73.1	1.2e-131
69	TR	A0A1G8P3C4	Delta1-piperideine-2-carboxylate reductase OS=Salipiger marinus OX=555512 GN=SAMN04487993_1011147 PE=4 SV=1	Salipiger marinus	330	993	60.2	73.1	1.5e-131
70	TR	A0A5B0E002	Ldh family oxidoreductase OS=Aureimonas fodinaquatilis OX=2565783 GN=FPY71_04590 PE=4 SV=1	Aureimonas fodinaquatilis	343	989	59.0	71.4	9.6e-131
71	TR	A0A0B1Q871	Lactate dehydrogenase OS=Aureimonas altamirensis OX=370622 GN=LA66_02690 PE=4 SV=1	Aureimonas altamirensis	340	969	58.9	73.4	9.4e-128
72	TR	A0A443IST4	Ldh family oxidoreductase OS=Sinirhodobacter populi OX=2306993 GN=D2T33_13240 PE=4 SV=1	Sinirhodobacter populi	344	963	56.9	70.4	8.8e-127
73	TR	A0A139SXH0	Lactate dehydrogenase OS=Ventosimonas gracilis OX=1680762 GN=AXE65_08910 PE=4 SV=1	Ventosimonas gracilis	339	961	55.8	73.3	1.5e-126
74	TR	A0A974TA33	Ldh family oxidoreductase OS=Microvirga sp. VF16 OX=2807101 GN=JO965_27125 PE=4 SV=1	Microvirga sp. VF16	339	953	58.1	70.8	2.4e-125
75	TR	A0A1U7D4E9	Delta1-piperideine 2-carboxylate reductase OS=Salipiger profundus OX=1229727 GN=Ga0080559_TMP2154 PE=4 SV=1	Salipiger profundus	334	935	55.7	70.2	1.1e-122
76	TR	H4F0Y9	Malate/L-lactate dehydrogenase OS=Rhizobium sp. PDO1-076 OX=1125979 GN=PDO_4095 PE=4 SV=1	Rhizobium sp. PDO1-076	340	932	54.7	71.0	3.9e-122
77	TR	A0A6N7LLE7	Ldh family oxidoreductase OS=Sinorhizobium terangae OX=110322 GN=GHK62_25845 PE=4 SV=1	Sinorhizobium terangae	373	933	53.6	70.9	8.3e-122
78	TR	A0A936YV00	Ldh family oxidoreductase OS=Rhizobium setariae OX=2801340 GN=JJB09_18165 PE=4 SV=1	Rhizobium setariae	340	928	54.2	71.7	1.6e-121
79	TR	Q7VVW4	Dehydrogenase OS=Bordetella pertussis (strain Tohama I / ATCC BAA-589 / NCTC 13251) OX=257313 GN=BP2521 PE=4 SV=1	Bordetella pertussis (strain Tohama I / ATCC BAA-589 / NCTC 13251)	342	926	54.2	69.5	3.4e-121
80	TR	A0A7V7TZA2	Ldh family oxidoreductase OS=Aureimonas leprariae OX=2615207 GN=F6X38_14310 PE=4 SV=1	Aureimonas leprariae	343	925	56.6	70.2	4.9e-121
81	TR	A0A327XX53	Delta1-piperideine-2-carboxylate reductase OS=Salipiger aestuarii OX=568098 GN=ATI53_103943 PE=4 SV=1	Salipiger aestuarii	333	920	54.8	70.2	2e-120
82	TR	A0A1V4LHL7	Lactate dehydrogenase OS=Pseudomonas sp. VI4.1 OX=1941346 GN=BZ163_30480 PE=4 SV=1	Pseudomonas sp. VI4.1	346	919	55.0	70.6	4.4e-120
83	TR	A0A3N1KPV5	Delta1-piperideine-2-carboxylate reductase OS=Stella humosa OX=94 GN=EDC65_5468 PE=4 SV=1	Stella humosa	335	875	53.4	67.6	1.4e-113
84	TR	A0A4R3VHC7	Delta1-piperideine-2-carboxylate reductase OS=Paracandidimonas soli OX=1917182 GN=EV686_101582 PE=4 SV=1	Paracandidimonas soli	356	872	53.2	68.4	8.2e-113
85	TR	A0A0M2LF42	Lactate dehydrogenase OS=Leucobacter sp. Ag1 OX=1642040 GN=XM48_15615 PE=4 SV=1	Leucobacter sp. Ag1	332	869	53.7	68.0	1e-112
86	TR	A0A5C5G7B5	Ldh family oxidoreductase OS=Pelagovum pacificum OX=2588711 GN=FHY64_18630 PE=4 SV=1	Pelagovum pacificum	338	869	54.0	67.8	1.3e-112
87	TR	A0A939MN18	Ldh family oxidoreductase OS=Leucobacter weissii OX=1983706 GN=J4H92_06410 PE=4 SV=1	Leucobacter weissii	354	858	51.5	66.5	1e-110
88	TR	A0A0W7W8A6	Lactate dehydrogenase OS=Leucobacter sp. G161 OX=663704 GN=AUL38_11180 PE=4 SV=1	Leucobacter sp. G161	350	853	53.6	70.3	5e-110
89	TR	A0A853FUJ3	Ldh family oxidoreductase OS=Parapusillimonas granuli OX=380911 GN=H0A72_00640 PE=4 SV=1	Parapusillimonas granuli	361	853	54.3	67.9	7.2e-110
90	TR	A0A366IMD0	Delta1-piperideine-2-carboxylate reductase OS=Brevibacterium celere OX=225845 GN=DFO65_104312 PE=4 SV=1	Brevibacterium celere	358	836	50.4	63.6	2.5e-107
91	TR	A0A0B2AB43	Lactate dehydrogenase OS=Microbacterium mangrovi OX=1348253 GN=LK09_08110 PE=4 SV=1	Microbacterium mangrovi	334	815	52.3	65.7	1.7e-104
92	TR	A0A917KN41	Lactate dehydrogenase OS=Neoroseomonas lacus OX=287609 GN=GCM10011320_27380 PE=4 SV=1	Neoroseomonas lacus	334	814	50.2	65.9	2.4e-104
93	TR	A0A0B9A9L8	Malate dehydrogenase OS=Brevibacterium linens OX=1703 GN=AE0388_1858 PE=4 SV=1	Brevibacterium linens	334	808	49.1	63.5	1.9e-103
94	TR	A0A8J7SVH7	Ldh family oxidoreductase OS=Fuscibacter oryzae OX=2803939 GN=JI744_15640 PE=4 SV=1	Fuscibacter oryzae	334	804	49.8	65.8	7.7e-103
95	TR	A0A373DRP9	Ldh family oxidoreductase OS=Leucobacter sp. wl10 OX=2304677 GN=D1J51_05995 PE=4 SV=1	Leucobacter sp. wl10	335	769	47.7	64.4	1.6e-97
96	TR	A0A1R4GBC0	Ureidoglycolate dehydrogenase OS=Agrococcus casei LMG 22410 OX=1255656 GN=CZ674_10515 PE=4 SV=1	Agrococcus casei LMG 22410	335	769	46.6	64.7	1.6e-97
97	TR	A0A0H1R3M5	Lactate dehydrogenase (Fragment) OS=Microvirga vignae OX=1225564 GN=AA309_29705 PE=4 SV=1	Microvirga vignae	256	754	60.3	73.1	2.1e-96
98	TR	A0A940T442	Delta1-piperideine-2-carboxylate reductase OS=Leucobacter exalbidus OX=662960 GN=JOF28_002069 PE=4 SV=1	Leucobacter exalbidus	282	730	54.2	67.8	2.2e-92
99	TR	A0A139SYF7	Lactate dehydrogenase OS=Ventosimonas gracilis OX=1680762 GN=AXE65_08420 PE=4 SV=1	Ventosimonas gracilis	336	715	47.6	65.2	2.3e-89
100	TR	A0A918XQD2	Delta(1)-pyrroline-2-carboxylate/Delta(1)-piperideine-2-carboxylate reductase OS=Thalassobaculum fulvum OX=1633335 GN=lhpD PE=4 SV=1	Thalassobaculum fulvum	341	712	45.3	61.5	7.7e-89
101	TR	A0A3N9U503	Ldh family oxidoreductase OS=Halomonas sp. YLB-10 OX=2483111 GN=EBB56_04525 PE=4 SV=1	Halomonas sp. YLB-10	345	711	47.5	61.3	1.2e-88
102	TR	A8TJ11	Hypothetical oxidoreductase yiaK OS=alpha proteobacterium BAL199 OX=331869 GN=BAL199_16248 PE=4 SV=1	alpha proteobacterium BAL199	337	710	46.4	61.4	1.4e-88
103	TR	A0A8G2EVJ5	Delta1-piperideine-2-carboxylate reductase OS=Thalassobaculum litoreum DSM 18839 OX=1123362 GN=SAMN05660686_00968 PE=4 SV=1	Thalassobaculum litoreum DSM 18839	341	710	45.5	62.1	1.5e-88
104	TR	W2UFW0	(2R)-3-sulfolactate dehydrogenase (NADP(+)) OS=Gammaproteobacteria bacterium MOLA455 OX=1411685 GN=comC PE=4 SV=1	Gammaproteobacteria bacterium MOLA455	339	707	45.7	64.3	4.1e-88
105	TR	A0A8I0KG91	Ldh family oxidoreductase OS=Pelagibacterales bacterium SAG-MED15 OX=2760018 GN=IDH30_03445 PE=4 SV=1	Pelagibacterales bacterium SAG-MED15	332	705	43.2	64.5	6.6e-88
106	TR	A0A1C7D537	(2R)-3-sulfolactate dehydrogenase (NADP(+)) OS=Paraurantiacibacter namhicola OX=645517 GN=comC PE=4 SV=1	Paraurantiacibacter namhicola	333	705	46.9	62.3	6.8e-88
107	TR	A0A926MJF2	Ldh family oxidoreductase OS=Pelagibacterales bacterium SAG-MED21 OX=2760024 GN=IDH00_01240 PE=4 SV=1	Pelagibacterales bacterium SAG-MED21	332	702	43.5	63.9	1.9e-87
108	TR	A0A926RSF0	Ldh family oxidoreductase OS=Pelagibacterales bacterium SAG-MED03 OX=2760006 GN=IDG88_01520 PE=4 SV=1	Pelagibacterales bacterium SAG-MED03	332	689	43.2	63.2	1.7e-85
109	TR	B6BPN1	Ureidoglycolate dehydrogenase OS=Pelagibacter sp. (strain HTCC7211) OX=439493 GN=allD PE=4 SV=1	Pelagibacter sp. (strain HTCC7211)	332	688	42.9	63.2	2.4e-85
110	TR	D5BTN4	Hypothetical oxidoreductase yiaK OS=Puniceispirillum marinum (strain IMCC1322) OX=488538 GN=SAR116_1388 PE=4 SV=1	Puniceispirillum marinum (strain IMCC1322)	332	687	44.3	63.5	3.4e-85
111	TR	A0A926M1K8	Ldh family oxidoreductase OS=Pelagibacterales bacterium SAG-MED46 OX=2760045 GN=IDH27_03695 PE=4 SV=1	Pelagibacterales bacterium SAG-MED46	332	687	42.9	63.2	3.4e-85
112	TR	A0A926LWA1	Ldh family oxidoreductase OS=Pelagibacterales bacterium SAG-MED48 OX=2760047 GN=IDH19_02130 PE=4 SV=1	Pelagibacterales bacterium SAG-MED48	332	685	42.9	62.6	6.8e-85
113	TR	A0A926LTQ7	Ldh family oxidoreductase OS=Pelagibacterales bacterium SAG-MED44 OX=2760043 GN=IDH23_02870 PE=4 SV=1	Pelagibacterales bacterium SAG-MED44	332	677	42.3	62.9	1.1e-83
114	TR	A0A317CAE7	Oxidoreductase OS=Leucothrix arctica OX=1481894 GN=DKT75_13495 PE=4 SV=1	Leucothrix arctica	336	677	44.3	64.3	1.2e-83
115	TR	A0A926RQC2	Ldh family oxidoreductase OS=Pelagibacterales bacterium SAG-MED04 OX=2760007 GN=IDH07_03320 PE=4 SV=1	Pelagibacterales bacterium SAG-MED04	332	676	42.3	63.2	1.6e-83
116	TR	A0A512NRY1	Lactate dehydrogenase OS=Reyranella soli OX=1230389 GN=RSO01_88590 PE=4 SV=1	Reyranella soli	335	674	45.3	60.7	3.4e-83
117	TR	A0A926MXS3	Ldh family oxidoreductase OS=Pelagibacterales bacterium SAG-MED10 OX=2760013 GN=IDH04_02915 PE=4 SV=1	Pelagibacterales bacterium SAG-MED10	332	671	41.6	63.2	8.8e-83
118	TR	A0A502BJM5	Ldh family oxidoreductase OS=Brucella gallinifaecis OX=215590 GN=FHY56_15170 PE=4 SV=1	Brucella gallinifaecis	335	669	40.2	60.7	1.9e-82
119	TR	A0A3S2WQ21	Ldh family oxidoreductase OS=Hwanghaeella grinnelliae OX=2500179 GN=EOI86_17855 PE=4 SV=1	Hwanghaeella grinnelliae	335	667	45.0	61.0	3.9e-82
120	TR	A0A315WLE4	Oxidoreductase OS=Pseudomonas sp. SDI OX=2170734 GN=DCO48_18420 PE=4 SV=1	Pseudomonas sp. SDI	335	661	46.0	59.9	3.1e-81
121	TR	Q4FM14	Hypothetical oxidoreductase yiaK OS=Pelagibacter ubique (strain HTCC1062) OX=335992 GN=yiaK PE=4 SV=1	Pelagibacter ubique (strain HTCC1062)	332	660	42.3	63.5	4e-81
122	TR	A0A547PNE0	Ldh family oxidoreductase OS=Paenimaribius caenipelagi OX=2489174 GN=FEV53_15825 PE=4 SV=1	Paenimaribius caenipelagi	345	661	43.1	59.0	4.2e-81
123	TR	A0A2P8FH92	Delta1-piperideine-2-carboxylate reductase OS=Shimia abyssi OX=1662395 GN=CLV88_102196 PE=4 SV=1	Shimia abyssi	336	660	44.0	59.9	4.5e-81
124	TR	A0A1N7IHZ9	Malate/lactate/ureidoglycolate dehydrogenase, LDH2 family OS=Insolitispirillum peregrinum OX=80876 GN=SAMN05421779_101106 PE=4 SV=1	Insolitispirillum peregrinum	342	660	44.3	58.1	5.4e-81
125	TR	A0A7X2FWW3	Ldh family oxidoreductase OS=Alphaproteobacteria bacterium HT1-32 OX=2665153 GN=GH722_16215 PE=4 SV=1	Alphaproteobacteria bacterium HT1-32	335	658	42.8	60.6	8.8e-81
126	TR	A0A1X6ZM48	(2R)-3-sulfolactate dehydrogenase (NADP(+)) OS=Roseovarius albus OX=1247867 GN=comC_2 PE=4 SV=1	Roseovarius albus	331	657	44.5	62.6	1.1e-80
127	TR	A0A225M654	Lactate dehydrogenase OS=Candidimonas nitroreducens OX=683354 GN=CEY11_18255 PE=4 SV=1	Candidimonas nitroreducens	340	656	45.0	59.2	2e-80
128	TR	A0A1X4IWY4	Oxidoreductase OS=Pseudoruegeria sp. SK021 OX=1933035 GN=BV911_10270 PE=4 SV=1	Pseudoruegeria sp. SK021	345	656	44.3	59.6	2.4e-80
129	TR	F5XP34	Oxidoreductase OS=Microlunatus phosphovorus (strain ATCC 700054 / DSM 10555 / JCM 9379 / NBRC 101784 / NCIMB 13414 / VKM Ac-1990 / NM-1) OX=1032480 GN=MLP_36600 PE=4 SV=1	Microlunatus phosphovorus (strain ATCC 700054 / DSM 10555 / JCM 9379 / NBRC 101784 / NCIMB 13414 / VKM Ac-1990 / NM-1)	355	655	45.6	61.1	4.6e-80
130	TR	A0A1X7BYB8	(2R)-3-sulfolactate dehydrogenase (NADP(+)) OS=Roseovarius aestuarii OX=475083 GN=comC_2 PE=4 SV=1	Roseovarius aestuarii	351	653	44.1	62.0	8.1e-80
131	TR	A0A5B9EM91	Ldh family oxidoreductase OS=Terriglobus albidus OX=1592106 GN=FTW19_05755 PE=4 SV=1	Terriglobus albidus	332	651	45.3	59.9	9.1e-80
132	TR	A0A8J7SBA8	Ldh family oxidoreductase OS=Thermohalobaculum xanthum OX=2753746 GN=H0I76_06525 PE=4 SV=1	Thermohalobaculum xanthum	338	650	42.5	59.3	1.5e-79
133	TR	A0A1H7UGD5	Malate/lactate/ureidoglycolate dehydrogenase, LDH2 family OS=Paraburkholderia caballeronis OX=416943 GN=SAMN05192542_11911 PE=4 SV=1	Paraburkholderia caballeronis	338	649	45.0	58.9	2.2e-79
134	TR	A0A418SC10	Delta(1)-pyrroline-2-carboxylate reductase OS=Pseudooceanicola algae OX=1537215 GN=PSAL_037700 PE=4 SV=1	Pseudooceanicola algae	345	649	43.5	58.9	2.7e-79
135	TR	A0A501WSA0	Proline racemase OS=Amaricoccus solimangrovi OX=2589815 GN=FJM51_09965 PE=3 SV=1	Amaricoccus solimangrovi	523	662	50.2	62.5	4.4e-79
136	TR	A0A6L7G847	Oxidoreductase OS=Pseudooceanicola sp. GBMRC 2024 OX=2692189 GN=GR170_16890 PE=4 SV=1	Pseudooceanicola sp. GBMRC 2024	345	646	44.4	57.9	7.6e-79
137	TR	A0A1W6CZB3	Oxidoreductase OS=Paracoccus contaminans OX=1945662 GN=B0A89_11830 PE=4 SV=1	Paracoccus contaminans	346	646	43.3	59.5	7.9e-79
138	TR	A0A231UY39	Oxidoreductase OS=Notoacmeibacter marinus OX=1876515 GN=B7H23_11600 PE=4 SV=1	Notoacmeibacter marinus	345	645	42.5	57.8	1.1e-78
139	TR	G6A027	Malate/lactate dehydrogenase OS=SAR116 cluster alpha proteobacterium HIMB100 OX=909943 GN=HIMB100_00016370 PE=4 SV=1	SAR116 cluster alpha proteobacterium HIMB100	334	644	45.4	60.4	1.1e-78
140	TR	U2ZSC9	Putative oxidoreductase OS=Pseudomonas alcaligenes (strain ATCC 14909 / DSM 50342 / JCM 20561 / NBRC 14159 / NCIMB 9945 / NCTC 10367 / 1577) OX=1215092 GN=PA6_032_00060 PE=4 SV=1	Pseudomonas alcaligenes (strain ATCC 14909 / DSM 50342 / JCM 20561 / NBRC 14159 / NCIMB 9945 / NCTC 10367 / 1577)	335	644	45.7	59.0	1.1e-78
141	TR	E3GBI5	Malate/L-lactate dehydrogenase OS=Enterobacter lignolyticus (strain SCF1) OX=701347 GN=Entcl_3787 PE=4 SV=1	Enterobacter lignolyticus (strain SCF1)	339	643	43.9	61.9	1.8e-78
142	TR	A0A5P9IVC6	(2R)-3-sulfolactate dehydrogenase (NADP(+)) OS=Halomonas sp. THAF5a OX=2587844 GN=comC2 PE=4 SV=1	Halomonas sp. THAF5a	346	643	41.4	60.1	2.2e-78
143	TR	A0A1D9M8C0	Oxidoreductase OS=Rhodobacter sp. LPB0142 OX=1850250 GN=LPB142_00830 PE=4 SV=1	Rhodobacter sp. LPB0142	345	642	43.4	59.0	3e-78
144	TR	A0A421BXJ6	Oxidoreductase OS=Sinirhodobacter hankyongi OX=2294033 GN=DYS74_01730 PE=4 SV=1	Sinirhodobacter hankyongi	346	642	43.5	59.0	3.1e-78
145	TR	S6GI08	Oxidoreductase OS=Osedax symbiont Rs2 OX=1330035 GN=OFPI_39410 PE=4 SV=1	Osedax symbiont Rs2	360	643	44.3	62.7	3.4e-78
146	TR	A0A6B3NZY8	Ldh family oxidoreductase OS=Pseudomonas brassicae OX=2708063 GN=G3436_15745 PE=4 SV=1	Pseudomonas brassicae	339	641	44.5	58.5	3.6e-78
147	TR	A0A562NGN7	Delta1-piperideine-2-carboxylate reductase OS=Paracoccus sulfuroxidans OX=384678 GN=IQ24_03122 PE=4 SV=1	Paracoccus sulfuroxidans	341	641	45.6	60.4	3.8e-78
148	TR	A0A370N8V1	Oxidoreductase OS=Paraburkholderia lacunae OX=2211104 GN=DLM46_13915 PE=4 SV=1	Paraburkholderia lacunae	341	641	44.6	58.3	3.8e-78
149	TR	A0A0F5LE60	Malate/lactate/ureidoglycolate dehydrogenase, LDH2 family OS=Devosia limi DSM 17137 OX=1121477 GN=SAMN02745223_00566 PE=4 SV=1	Devosia limi DSM 17137	345	641	41.9	57.8	4.3e-78
150	TR	A0A1E4UWN2	Oxidoreductase OS=Pseudomonas sp. 21C1 OX=1843690 GN=A7D25_15410 PE=4 SV=1	Pseudomonas sp. 21C1	335	640	45.1	59.3	4.5e-78
151	TR	W4LR88	Oxidoreductase OS=Entotheonella factor OX=1429438 GN=ETSY1_11075 PE=4 SV=1	Entotheonella factor	345	640	44.5	60.9	6.1e-78
152	TR	A0A1A6C8G9	Sulfolactate dehydrogenase OS=Acidihalobacter prosperus OX=160660 GN=Thpro_020567 PE=4 SV=1	Acidihalobacter prosperus	335	639	41.2	56.7	6.3e-78
153	TR	A0A0D6SUY7	Ureidoglycolate/malate/sulfolactate dehydrogenase family OS=Pseudomonas sp. FeS53a OX=1604022 GN=SZ55_1910 PE=4 SV=1	Pseudomonas sp. FeS53a	343	639	43.4	58.1	8.1e-78
154	TR	A0A7W9F4H6	LDH2 family malate/lactate/ureidoglycolate dehydrogenase OS=Sphingomonas prati OX=1843237 GN=FHS99_002978 PE=4 SV=1	Sphingomonas prati	340	637	46.2	59.2	1.5e-77
155	TR	A6X303	Ldh family oxidoreductase OS=Brucella anthropi (strain ATCC 49188 / DSM 6882 / CCUG 24695 / JCM 21032 / LMG 3331 / NBRC 15819 / NCTC 12168 / Alc 37) OX=439375 GN=Oant_2899 PE=4 SV=1	Brucella anthropi (strain ATCC 49188 / DSM 6882 / CCUG 24695 / JCM 21032 / LMG 3331 / NBRC 15819 / NCTC 12168 / Alc 37)	343	637	44.7	58.3	1.6e-77
156	TR	A0A7Y0E2K2	Ldh family oxidoreductase OS=Pacificispira spongiicola OX=2729598 GN=HH303_16080 PE=4 SV=1	Pacificispira spongiicola	351	637	41.9	57.8	2.1e-77
157	TR	A0A239INA0	Malate/lactate/ureidoglycolate dehydrogenase, LDH2 family OS=Pseudomonas japonica OX=256466 GN=SAMN05444352_11982 PE=4 SV=1	Pseudomonas japonica	337	635	43.2	57.4	2.7e-77
158	TR	A0A916SN78	Malate dehydrogenase OS=Brucella endophytica OX=1963359 GN=GCM10011491_40660 PE=4 SV=1	Brucella endophytica	337	634	42.8	57.5	3.8e-77
159	TR	S6GCB9	Oxidoreductase OS=Osedax symbiont Rs1 OX=1330036 GN=OFPII_39720 PE=4 SV=1	Osedax symbiont Rs1	386	638	44.2	61.0	4.1e-77
160	TR	A0A1G9AJF1	Malate/lactate/ureidoglycolate dehydrogenase, LDH2 family OS=Halomonas gudaonensis OX=376427 GN=SAMN04487954_1144 PE=4 SV=1	Halomonas gudaonensis	343	634	44.6	57.3	4.6e-77
161	TR	A0A1I0II10	Malate/lactate/ureidoglycolate dehydrogenase, LDH2 family OS=Paracoccus homiensis OX=364199 GN=SAMN04489858_11649 PE=4 SV=1	Paracoccus homiensis	344	633	44.3	58.7	6.7e-77
162	TR	A0A4P8YIH5	Ldh family oxidoreductase OS=Jejubacter calystegiae OX=2579935 GN=FEM41_12835 PE=4 SV=1	Jejubacter calystegiae	335	632	44.2	59.5	7.2e-77
163	TR	A0A1I1DQK1	Malate/lactate/ureidoglycolate dehydrogenase, LDH2 family OS=Polaromonas sp. OV174 OX=1855300 GN=SAMN05216344_1034 PE=4 SV=1	Polaromonas sp. OV174	338	632	43.6	57.4	7.9e-77
164	TR	A0A7H0LQ41	Ldh family oxidoreductase OS=Sphingomonas alpina OX=653931 GN=H3Z74_00320 PE=4 SV=1	Sphingomonas alpina	336	631	45.5	58.8	1e-76
165	TR	A0A2Z2P7I8	Delta(1)-pyrroline-2-carboxylate/Delta(1)-piperideine-2-carboxylate reductase OS=Granulosicoccus antarcticus IMCC3135 OX=1192854 GN=lhpD PE=4 SV=1	Granulosicoccus antarcticus IMCC3135	339	631	43.2	60.2	1.1e-76
166	TR	A0A7X3SP81	Oxidoreductase OS=Microvirga makkahensis OX=1128670 GN=GR328_11055 PE=4 SV=1	Microvirga makkahensis	339	631	45.2	58.8	1.1e-76
167	TR	A0A6I6IKU1	Ldh family oxidoreductase OS=Roseovarius faecimaris OX=2494550 GN=EI983_04780 PE=4 SV=1	Roseovarius faecimaris	331	628	43.5	60.3	2.5e-76
168	TR	A0A2T5VH43	LDH2 family malate/lactate/ureidoglycolate dehydrogenase OS=Breoghania corrubedonensis OX=665038 GN=C8N35_1011122 PE=4 SV=1	Breoghania corrubedonensis	345	629	43.4	58.1	2.7e-76
169	TR	A0A430DMU6	Ldh family oxidoreductase OS=Sphingomonas sp. ABOLF OX=1985879 GN=CA235_09150 PE=4 SV=1	Sphingomonas sp. ABOLF	335	628	44.5	58.3	2.9e-76
170	TR	A0A0Q8XAA3	Oxidoreductase OS=Sphingomonas sp. Root241 OX=1736501 GN=ASE13_18980 PE=4 SV=1	Sphingomonas sp. Root241	331	627	45.8	58.6	3.6e-76
171	TR	A0A916R921	Delta(1)-pyrroline-2-carboxylate reductase OS=Pelagibacterium lentulum OX=2029865 GN=GCM10011499_10620 PE=4 SV=1	Pelagibacterium lentulum	343	628	41.4	57.7	3.6e-76
172	TR	A0A0N9V3J3	Oxidoreductase OS=Sphingopyxis macrogoltabida OX=33050 GN=AN936_21730 PE=4 SV=1	Sphingopyxis macrogoltabida	341	627	43.6	59.8	4.9e-76
173	TR	A0A1N7RT86	Putative enzyme OS=Paraburkholderia ribeironis OX=1247936 GN=BN2475_150035 PE=4 SV=1	Paraburkholderia ribeironis	339	626	42.2	57.5	6.5e-76
174	TR	A0A0A1VEC0	Malate/L-lactate dehydrogenases OS=Acidovorax sp. MR-S7 OX=1268622 GN=AVS7_01591 PE=4 SV=1	Acidovorax sp. MR-S7	341	626	43.8	56.8	6.9e-76
175	TR	A0A0C1GND1	Lactate dehydrogenase OS=Ruegeria sp. ANG-R OX=1577903 GN=RA27_12620 PE=4 SV=1	Ruegeria sp. ANG-R	337	625	40.1	57.2	8.6e-76
176	TR	A0A1A5X523	LDH2 family malate/lactate/ureidoglycolate dehydrogenase OS=Paraburkholderia tropica OX=92647 GN=A6456_06955 PE=4 SV=1	Paraburkholderia tropica	340	625	44.4	57.5	9.4e-76
177	TR	G2ISY1	Putative oxidoreductase OS=Sphingobium sp. (strain NBRC 103272 / SYK-6) OX=627192 GN=SLG_18160 PE=4 SV=1	Sphingobium sp. (strain NBRC 103272 / SYK-6)	339	624	43.4	57.2	1.3e-75
178	TR	A0A6I5YR03	Oxidoreductase OS=Sphingobium sp. CAP-1 OX=2676077 GN=GL174_18145 PE=4 SV=1	Sphingobium sp. CAP-1	341	623	44.2	58.3	1.9e-75
179	TR	A0A2A2GLT6	Oxidoreductase OS=Paracoccus salipaludis OX=2032623 GN=CK240_03470 PE=4 SV=1	Paracoccus salipaludis	343	623	43.1	58.1	2.1e-75
180	TR	A0A8K0XW35	Ldh family oxidoreductase OS=Tenebrionibacter intestinalis OX=2799638 GN=JJB97_06055 PE=4 SV=1	Tenebrionibacter intestinalis	335	622	43.5	57.4	2.3e-75
181	TR	A0A0P7CYE2	Oxidoreductase OS=Cobetia sp. UCD-24C OX=1716176 GN=AOG28_07285 PE=4 SV=1	Cobetia sp. UCD-24C	336	622	40.7	59.6	2.4e-75
182	TR	V4Q040	Oxidoreductase OS=Asticcacaulis benevestitus DSM 16100 = ATCC BAA-896 OX=1121022 GN=ABENE_02710 PE=4 SV=1	Asticcacaulis benevestitus DSM 16100 = ATCC BAA-896	341	622	43.9	56.7	2.7e-75
183	TR	A0A239HWE6	Malate/lactate/ureidoglycolate dehydrogenase, LDH2 family OS=Tropicimonas sediminicola OX=1031541 GN=SAMN05421757_10438 PE=4 SV=1	Tropicimonas sediminicola	345	622	43.1	56.9	3.1e-75
184	TR	A0A553GVD6	Ldh family oxidoreductase OS=Pseudomonas mangiferae OX=2593654 GN=FM069_17835 PE=4 SV=1	Pseudomonas mangiferae	334	620	43.8	59.5	4.4e-75
185	TR	A0A2T7FTS4	Oxidoreductase OS=Thalassorhabdomicrobium marinisediminis OX=2170577 GN=DC363_15060 PE=4 SV=1	Thalassorhabdomicrobium marinisediminis	339	620	42.4	57.3	5.1e-75
186	TR	A0A0D5LNX5	Oxidoreductase OS=Martelella endophytica OX=1486262 GN=TM49_09965 PE=4 SV=1	Martelella endophytica	345	620	43.9	55.5	6.2e-75
187	TR	A0A939HQY5	Ldh family oxidoreductase OS=Acetobacter garciniae OX=2817435 GN=J2D77_15570 PE=4 SV=1	Acetobacter garciniae	345	620	43.4	57.2	6.2e-75
188	TR	A0A0A1YKU5	Oxidoreductase OS=Pseudomonas taeanensis MS-3 OX=1395571 GN=TMS3_0108635 PE=4 SV=1	Pseudomonas taeanensis MS-3	335	619	43.0	59.5	6.5e-75
189	TR	A0A2Z6AMY8	Delta1-piperideine-2-carboxylate reductase OS=Sphingobium sp. YG1 OX=2082188 GN=YGS_C2P1173 PE=4 SV=1	Sphingobium sp. YG1	338	619	44.2	58.9	7.1e-75
190	TR	K9CMJ7	Oxidoreductase OS=Sphingobium yanoikuyae ATCC 51230 OX=883163 GN=HMPREF9718_04501 PE=4 SV=1	Sphingobium yanoikuyae ATCC 51230	352	620	43.7	56.9	7.6e-75
191	TR	A0A1H6MX72	Malate/lactate/ureidoglycolate dehydrogenase, LDH2 family OS=Paracoccus alkenifer OX=65735 GN=SAMN04488075_2265 PE=4 SV=1	Paracoccus alkenifer	340	618	42.5	58.4	1.1e-74
192	TR	A0A5P9CEJ3	(2R)-3-sulfolactate dehydrogenase (NADP(+)) OS=Pseudomonas sp. THAF187a OX=2587863 GN=comC PE=4 SV=1	Pseudomonas sp. THAF187a	335	617	43.3	57.7	1.3e-74
193	TR	A0A0F7D3K9	Oxidoreductase OS=Serratia fonticola OX=47917 GN=WN53_20920 PE=4 SV=1	Serratia fonticola	337	617	43.2	58.0	1.4e-74
194	TR	A0A6L6J7I5	Oxidoreductase OS=Paracoccus aestuariivivens OX=1820333 GN=GL286_00050 PE=4 SV=1	Paracoccus aestuariivivens	334	616	42.9	57.7	1.8e-74
195	TR	A0A8J7V2G3	Ldh family oxidoreductase OS=Marivibrio halodurans OX=2039722 GN=KAJ83_07625 PE=4 SV=1	Marivibrio halodurans	335	616	41.9	57.5	1.8e-74
196	TR	A0A2S5KPD7	Oxidoreductase OS=Proteobacteria bacterium 228 OX=2083153 GN=C4K68_14745 PE=4 SV=1	Proteobacteria bacterium 228	335	616	42.3	57.1	1.8e-74
197	TR	A0A7D5EBY2	Ldh family oxidoreductase OS=Pseudomonas sp. LPB0260 OX=2614442 GN=LPB260_09630 PE=4 SV=1	Pseudomonas sp. LPB0260	336	616	44.6	57.8	1.9e-74
198	TR	A0A2K9MH56	Oxidoreductase OS=Paracoccus jeotgali OX=2065379 GN=CYR75_12425 PE=4 SV=1	Paracoccus jeotgali	340	616	41.4	57.1	2.1e-74
199	TR	A0A8J7IZ63	Ldh family oxidoreductase OS=Paenihalocynthiibacter styelae OX=2761955 GN=H1D41_15380 PE=4 SV=1	Paenihalocynthiibacter styelae	342	616	39.2	58.4	2.2e-74
200	TR	A0A291G804	Oxidoreductase OS=Celeribacter ethanolicus OX=1758178 GN=CEW89_00380 PE=4 SV=1	Celeribacter ethanolicus	343	616	42.6	56.8	2.3e-74
201	TR	A0A398BP07	Ldh family oxidoreductase OS=Gemmobacter lutimaris OX=2306023 GN=D2N39_07385 PE=4 SV=1	Gemmobacter lutimaris	345	616	42.8	57.2	2.5e-74
202	TR	A0A5B8I9F0	Ldh family oxidoreductase OS=Qingshengfaniella alkalisoli OX=2599296 GN=FPZ52_12385 PE=4 SV=1	Qingshengfaniella alkalisoli	345	616	42.2	56.5	2.5e-74
203	SP	Q4KGT8	Delta(1)-pyrroline-2-carboxylate reductase OS=Pseudomonas fluorescens (strain ATCC BAA-477 / NRRL B-23932 / Pf-5) OX=220664 GN=PFL_1416 PE=1 SV=1	Pseudomonas fluorescens (strain ATCC BAA-477 / NRRL B-23932 / Pf-5)	336	615	41.3	58.1	2.7e-74
204	TR	A0A1G5GG98	Malate/lactate/ureidoglycolate dehydrogenase, LDH2 family OS=Microvirga guangxiensis OX=549386 GN=SAMN02927923_01500 PE=4 SV=1	Microvirga guangxiensis	338	615	44.5	58.5	2.8e-74
205	TR	A0A858X019	Ldh family oxidoreductase OS=Starkeya sp. ORNL1 OX=2709380 GN=G3545_19445 PE=4 SV=1	Starkeya sp. ORNL1	338	615	42.5	55.4	2.8e-74
206	TR	A0A0C5E0E8	Uncharacterized protein OS=Pseudomonas sp. MRSN 12121 OX=1611770 GN=TO66_07035 PE=4 SV=1	Pseudomonas sp. MRSN 12121	338	615	42.6	57.4	2.8e-74
207	TR	A0A0B6S8D4	Putative malate/L-lactate dehydrogenase OS=Burkholderia plantarii OX=41899 GN=BGL_2c04320 PE=4 SV=1	Burkholderia plantarii	340	615	43.4	58.5	3e-74
208	TR	A0A4R7BJB1	LDH2 family malate/lactate/ureidoglycolate dehydrogenase OS=Enterovirga rhinocerotis OX=1339210 GN=EV668_4545 PE=4 SV=1	Enterovirga rhinocerotis	341	615	41.7	57.7	3.1e-74
209	TR	A0A1V0RTY3	Delta(1)-pyrroline-2-carboxylate reductase OS=Roseovarius mucosus OX=215743 GN=ROSMUCSMR3_03764 PE=4 SV=1	Roseovarius mucosus	345	615	42.9	58.0	3.5e-74
210	TR	A0A2G8QWZ8	Oxidoreductase OS=Puniceibacterium antarcticum OX=1206336 GN=P775_27955 PE=4 SV=1	Puniceibacterium antarcticum	345	615	42.0	57.4	3.5e-74
211	TR	A0A0M3T1U4	Oxidoreductase OS=Candidatus Pseudothioglobus singularis PS1 OX=1125411 GN=W908_03175 PE=4 SV=1	Candidatus Pseudothioglobus singularis PS1	334	614	41.3	60.3	3.5e-74
212	TR	A0A0C1JCA7	Lactate dehydrogenase OS=Ruegeria sp. ANG-S4 OX=1577904 GN=RA28_09915 PE=4 SV=1	Ruegeria sp. ANG-S4	337	614	37.9	57.9	3.9e-74
213	TR	A0A7V8QGG4	Ldh family oxidoreductase OS=Ectothiorhodospiraceae bacterium WFHF3C12 OX=1914406 GN=H0Z60_06470 PE=4 SV=1	Ectothiorhodospiraceae bacterium WFHF3C12	338	614	42.8	57.5	4e-74
214	TR	A0A931BQC8	Ldh family oxidoreductase OS=Microvirga alba OX=2791025 GN=I2H38_19320 PE=4 SV=1	Microvirga alba	338	614	46.0	59.0	4e-74
215	TR	A0A0J5KYU2	Oxidoreductase OS=Pluralibacter gergoviae OX=61647 GN=ABW06_15710 PE=4 SV=1	Pluralibacter gergoviae	338	614	43.6	59.5	4e-74
216	TR	A0A6J5FRQ0	Delta(1)-pyrroline-2-carboxylate reductase OS=Paraburkholderia caffeinitolerans OX=1723730 GN=LMG28688_02191 PE=4 SV=1	Paraburkholderia caffeinitolerans	340	614	43.0	57.0	4.2e-74
217	TR	A0A084A008	(2R)-3-sulfolactate dehydrogenase (NADP(+)) OS=Serratia sp. DD3 OX=1410619 GN=comC PE=4 SV=1	Serratia sp. DD3	345	614	42.2	58.7	4.9e-74
218	TR	A0A4R7C7H8	LDH2 family malate/lactate/ureidoglycolate dehydrogenase OS=Enterovirga rhinocerotis OX=1339210 GN=EV668_1872 PE=4 SV=1	Enterovirga rhinocerotis	360	615	41.9	58.1	5.4e-74
219	TR	A0A0H1RG51	Oxidoreductase OS=Microvirga vignae OX=1225564 GN=AA309_06260 PE=4 SV=1	Microvirga vignae	338	613	43.9	59.1	5.6e-74
220	TR	A0A840YXS5	LDH2 family malate/lactate/ureidoglycolate dehydrogenase OS=Stakelama sediminis OX=463200 GN=FHR23_001386 PE=4 SV=1	Stakelama sediminis	340	613	43.3	57.6	6e-74
221	TR	A0A1H9TQJ1	Malate/lactate/ureidoglycolate dehydrogenase, LDH2 family OS=Sphingobium sp. YR768 OX=1884365 GN=SAMN05518866_12917 PE=4 SV=1	Sphingobium sp. YR768	341	613	43.9	59.0	6.2e-74
222	TR	A0A7W6EG12	LDH2 family malate/lactate/ureidoglycolate dehydrogenase OS=Pseudochelatococcus contaminans OX=1538103 GN=FHS81_001206 PE=4 SV=1	Pseudochelatococcus contaminans	337	612	44.5	56.4	7.7e-74
223	TR	V4NQL5	Oxidoreductase OS=Asticcacaulis sp. AC466 OX=1282362 GN=AEAC466_09995 PE=4 SV=1	Asticcacaulis sp. AC466	341	612	41.5	56.4	8.7e-74
224	TR	A0A4R3JEJ4	(2R)-3-sulfolactate dehydrogenase (NADP+) OS=Varunaivibrio sulfuroxidans OX=1773489 GN=EDD55_104183 PE=4 SV=1	Varunaivibrio sulfuroxidans	334	610	41.3	55.4	1.4e-73
225	TR	F6ACN1	Malate dehydrogenase OS=Pseudomonas fulva (strain 12-X) OX=743720 GN=Psefu_0051 PE=4 SV=1	Pseudomonas fulva (strain 12-X)	346	611	44.4	59.4	1.4e-73
226	TR	A0A4R1ULS0	LDH2 family malate/lactate/ureidoglycolate dehydrogenase OS=Novosphingobium sp. PhB165 OX=2485105 GN=EDF56_10947 PE=4 SV=1	Novosphingobium sp. PhB165	342	610	43.6	59.3	1.8e-73
227	TR	A0A1G9RM82	Malate/lactate/ureidoglycolate dehydrogenase, LDH2 family OS=Halomonas muralis OX=119000 GN=SAMN05661010_03750 PE=4 SV=1	Halomonas muralis	334	609	43.1	58.4	2e-73
228	TR	A0A510XAC9	Delta(1)-pyrroline-2-carboxylate/Delta(1)-piperideine-2-carboxylate reductase OS=Halomonas pacifica OX=77098 GN=lhpD PE=4 SV=1	Halomonas pacifica	334	609	43.5	59.4	2e-73
229	TR	A0A418W864	Ldh family oxidoreductase OS=Sphingomonas cavernae OX=2320861 GN=D3876_18505 PE=4 SV=1	Sphingomonas cavernae	339	609	43.1	56.9	2.3e-73
230	TR	A0A501WQY1	Ldh family oxidoreductase OS=Amaricoccus solimangrovi OX=2589815 GN=FJM51_08740 PE=4 SV=1	Amaricoccus solimangrovi	339	609	43.6	58.2	2.3e-73
231	TR	M2SAY8	Ureidoglycolate/malate/sulfolactate dehydrogenase family OS=Pacificimonas flava OX=1234595 GN=C725_1942 PE=4 SV=1	Pacificimonas flava	339	609	43.2	58.4	2.3e-73
232	TR	A0A317MYK6	LDH2 family malate/lactate/ureidoglycolate dehydrogenase OS=Plasticicumulans acidivorans OX=886464 GN=C7443_10277 PE=4 SV=1	Plasticicumulans acidivorans	339	608	43.2	58.0	3.3e-73
233	TR	F4G4X9	Malate dehydrogenase OS=Alicycliphilus denitrificans (strain DSM 14773 / CIP 107495 / K601) OX=596154 GN=Alide2_2904 PE=4 SV=1	Alicycliphilus denitrificans (strain DSM 14773 / CIP 107495 / K601)	344	608	42.6	56.0	3.8e-73
234	TR	S5XZB8	Malate/L-lactate dehydrogenase OS=Paracoccus aminophilus JCM 7686 OX=1367847 GN=JCM7686_1699 PE=4 SV=1	Paracoccus aminophilus JCM 7686	357	609	44.1	59.4	3.9e-73
235	TR	A0A0A1W2I8	Putative oxidoreductase OS=Sphingomonas parapaucimobilis NBRC 15100 OX=1219049 GN=SP5_001_01100 PE=4 SV=1	Sphingomonas parapaucimobilis NBRC 15100	336	607	45.1	58.0	4.2e-73
236	TR	A0A1X7LD53	Malate/lactate/ureidoglycolate dehydrogenase, LDH2 family OS=Paracoccus sp. J56 OX=935850 GN=SAMN02746000_03244 PE=4 SV=1	Paracoccus sp. J56	343	607	42.8	57.2	5.2e-73
237	TR	A0A7Y4LCQ9	Ldh family oxidoreductase OS=Pelistega europaea OX=106147 GN=HKX40_07860 PE=4 SV=1	Pelistega europaea	343	607	41.9	56.6	5.2e-73
238	TR	A0A2G5PBV8	Oxidoreductase OS=Mycolicibacterium brumae OX=85968 GN=CQY22_009535 PE=4 SV=1	Mycolicibacterium brumae	344	607	41.7	56.8	5.4e-73
239	TR	A0A1I3PII0	Malate/lactate/ureidoglycolate dehydrogenase, LDH2 family OS=Pseudomonas guineae OX=425504 GN=SAMN05216206_3706 PE=4 SV=1	Pseudomonas guineae	335	606	43.0	57.0	5.8e-73
240	TR	A0A0G3CPQ0	Oxidoreductase OS=Pragia fontium OX=82985 GN=QQ39_16045 PE=4 SV=1	Pragia fontium	335	606	40.8	60.4	5.8e-73
241	TR	A0A0U4VJC0	Oxidoreductase OS=Pseudomonas oryzihabitans OX=47885 GN=APT59_03175 PE=4 SV=1	Pseudomonas oryzihabitans	337	606	43.5	57.2	6.1e-73
242	TR	A0A437MDR3	Oxidoreductase OS=Rhodovarius crocodyli OX=1979269 GN=EOD42_16145 PE=4 SV=1	Rhodovarius crocodyli	338	606	43.2	57.1	6.3e-73
243	TR	A0A3N8LG10	Ldh family oxidoreductase OS=Burkholderia sp. Bp8963 OX=2184547 GN=DID96_06620 PE=4 SV=1	Burkholderia sp. Bp8963	339	606	40.2	55.6	6.5e-73
244	TR	A0A345WTF8	Oxidoreductase OS=Sphingomonas sp. FARSPH OX=2219696 GN=DM480_08810 PE=4 SV=1	Sphingomonas sp. FARSPH	351	607	44.2	57.9	6.6e-73
245	TR	A0A317R8G6	LDH2 family malate/lactate/ureidoglycolate dehydrogenase OS=Melaminivora alkalimesophila OX=1165852 GN=DFR36_10854 PE=4 SV=1	Melaminivora alkalimesophila	344	606	43.1	55.8	7.6e-73
246	TR	L0M7G9	Malate/lactate dehydrogenase OS=Enterobacteriaceae bacterium (strain FGI 57) OX=693444 GN=D782_3914 PE=4 SV=1	Enterobacteriaceae bacterium (strain FGI 57)	336	605	43.4	59.1	8.4e-73
247	TR	A0A0P1IGK3	(2R)-3-sulfolactate dehydrogenase (NADP(+)) OS=Shimia thalassica OX=1715693 GN=comC_2 PE=4 SV=1	Shimia thalassica	337	605	42.5	58.1	8.7e-73
248	TR	A0A849L1H7	Ldh family oxidoreductase OS=Halovulum dunhuangense OX=1505036 GN=HMH01_06650 PE=4 SV=1	Halovulum dunhuangense	343	605	41.8	57.0	1e-72
249	TR	A0A1M7T8E7	Malate/lactate/ureidoglycolate dehydrogenase, LDH2 family OS=Oceanicella actignis OX=1189325 GN=SAMN05216200_10546 PE=4 SV=1	Oceanicella actignis	343	605	42.2	57.8	1e-72
250	TR	A0A2U2J433	Oxidoreductase OS=Sphingosinicella humi OX=2068657 GN=DF286_09500 PE=4 SV=1	Sphingosinicella humi	343	605	41.3	55.5	1e-72
