Description,Scientific Name,Max Score,Total Score,Query Cover,E value,Per. ident,Acc. Len,Accession  
RecName: Full=Piperic acid--CoA ligase; Short=PipCoA ligase [Piper nigrum],Piper nigrum,849,849,100%,0.0,75.63,548,"=HYPERLINK(""https://www.ncbi.nlm.nih.gov/protein/A0A6B9HER0.1?report=genbank&log$=prottop&blast_rank=1&RID=M3C3EBRR01N"",""A0A6B9HER0.1"")"
PREDICTED: 4-coumarate--CoA ligase-like 7 [Nelumbo nucifera],Nelumbo nucifera,784,784,100%,0.0,68.43,543,"=HYPERLINK(""https://www.ncbi.nlm.nih.gov/protein/XP_010267197.1?report=genbank&log$=prottop&blast_rank=2&RID=M3C3EBRR01N"",""XP_010267197.1"")"
4-coumarate--CoA ligase-like protein 7 [Cinnamomum micranthum f. kanehirae],Cinnamomum micranthum f. kanehirae,766,766,100%,0.0,67.09,536,"=HYPERLINK(""https://www.ncbi.nlm.nih.gov/protein/RWR79381.1?report=genbank&log$=prottop&blast_rank=3&RID=M3C3EBRR01N"",""RWR79381.1"")"
probable CoA ligase CCL7 isoform X1 [Telopea speciosissima],Telopea speciosissima,766,766,100%,0.0,66.85,544,"=HYPERLINK(""https://www.ncbi.nlm.nih.gov/protein/XP_043706613.1?report=genbank&log$=prottop&blast_rank=4&RID=M3C3EBRR01N"",""XP_043706613.1"")"
probable CoA ligase CCL7 [Macadamia integrifolia],Macadamia integrifolia,763,763,100%,0.0,66.67,546,"=HYPERLINK(""https://www.ncbi.nlm.nih.gov/protein/XP_042495822.1?report=genbank&log$=prottop&blast_rank=5&RID=M3C3EBRR01N"",""XP_042495822.1"")"
hypothetical protein HHK36_018170 [Tetracentron sinense],Tetracentron sinense,762,762,100%,0.0,66.73,542,"=HYPERLINK(""https://www.ncbi.nlm.nih.gov/protein/KAF8396546.1?report=genbank&log$=prottop&blast_rank=6&RID=M3C3EBRR01N"",""KAF8396546.1"")"
hypothetical protein MRB53_001190 [Persea americana],Persea americana,761,761,100%,0.0,66.36,536,"=HYPERLINK(""https://www.ncbi.nlm.nih.gov/protein/KAJ8648167.1?report=genbank&log$=prottop&blast_rank=7&RID=M3C3EBRR01N"",""KAJ8648167.1"")"
probable CoA ligase CCL7 [Telopea speciosissima],Telopea speciosissima,759,759,100%,0.0,67.03,544,"=HYPERLINK(""https://www.ncbi.nlm.nih.gov/protein/XP_043700802.1?report=genbank&log$=prottop&blast_rank=8&RID=M3C3EBRR01N"",""XP_043700802.1"")"
AMP-dependent synthetase/ligase [Macleaya cordata],Macleaya cordata,758,758,100%,0.0,65.81,542,"=HYPERLINK(""https://www.ncbi.nlm.nih.gov/protein/OVA06957.1?report=genbank&log$=prottop&blast_rank=9&RID=M3C3EBRR01N"",""OVA06957.1"")"
AMP-dependent synthetase/ligase [Macleaya cordata],Macleaya cordata,757,757,100%,0.0,67.82,540,"=HYPERLINK(""https://www.ncbi.nlm.nih.gov/protein/OVA18005.1?report=genbank&log$=prottop&blast_rank=10&RID=M3C3EBRR01N"",""OVA18005.1"")"
4-coumarate-CoA ligase [Thalictrum thalictroides],Thalictrum thalictroides,756,756,100%,0.0,66.00,542,"=HYPERLINK(""https://www.ncbi.nlm.nih.gov/protein/KAF5206072.1?report=genbank&log$=prottop&blast_rank=11&RID=M3C3EBRR01N"",""KAF5206072.1"")"
probable CoA ligase CCL7 [Mangifera indica],Mangifera indica,756,756,100%,0.0,64.48,540,"=HYPERLINK(""https://www.ncbi.nlm.nih.gov/protein/XP_044482397.1?report=genbank&log$=prottop&blast_rank=12&RID=M3C3EBRR01N"",""XP_044482397.1"")"
hypothetical protein H6P81_019175 [Aristolochia fimbriata],Aristolochia fimbriata,754,754,100%,0.0,65.57,545,"=HYPERLINK(""https://www.ncbi.nlm.nih.gov/protein/KAG9439010.1?report=genbank&log$=prottop&blast_rank=13&RID=M3C3EBRR01N"",""KAG9439010.1"")"
hypothetical protein NE237_004344 [Protea cynaroides],Protea cynaroides,753,753,100%,0.0,66.12,546,"=HYPERLINK(""https://www.ncbi.nlm.nih.gov/protein/KAJ4971245.1?report=genbank&log$=prottop&blast_rank=14&RID=M3C3EBRR01N"",""KAJ4971245.1"")"
probable CoA ligase CCL7 [Macadamia integrifolia],Macadamia integrifolia,753,753,100%,0.0,66.30,544,"=HYPERLINK(""https://www.ncbi.nlm.nih.gov/protein/XP_042476791.1?report=genbank&log$=prottop&blast_rank=15&RID=M3C3EBRR01N"",""XP_042476791.1"")"
probable CoA ligase CCL7 [Magnolia sinica],Magnolia sinica,752,752,100%,0.0,65.15,541,"=HYPERLINK(""https://www.ncbi.nlm.nih.gov/protein/XP_058082185.1?report=genbank&log$=prottop&blast_rank=16&RID=M3C3EBRR01N"",""XP_058082185.1"")"
4-coumarate-CoA ligase [Camellia sinensis],Camellia sinensis,751,751,100%,0.0,65.03,544,"=HYPERLINK(""https://www.ncbi.nlm.nih.gov/protein/QGI57467.1?report=genbank&log$=prottop&blast_rank=17&RID=M3C3EBRR01N"",""QGI57467.1"")"
hypothetical protein SLEP1_g13846 [Rubroshorea leprosula],Rubroshorea leprosula,750,750,100%,0.0,64.73,545,"=HYPERLINK(""https://www.ncbi.nlm.nih.gov/protein/GKV01280.1?report=genbank&log$=prottop&blast_rank=18&RID=M3C3EBRR01N"",""GKV01280.1"")"
hypothetical protein HYC85_025192 [Camellia sinensis],Camellia sinensis,749,749,100%,0.0,64.85,544,"=HYPERLINK(""https://www.ncbi.nlm.nih.gov/protein/KAF5937686.1?report=genbank&log$=prottop&blast_rank=19&RID=M3C3EBRR01N"",""KAF5937686.1"")"
4-coumarate-CoA ligase [Camellia sinensis var. assamica],Camellia sinensis var. assamica,749,749,100%,0.0,64.85,544,"=HYPERLINK(""https://www.ncbi.nlm.nih.gov/protein/QOJ43656.1?report=genbank&log$=prottop&blast_rank=20&RID=M3C3EBRR01N"",""QOJ43656.1"")"
hypothetical protein FNV43_RR05376 [Rhamnella rubrinervis],Rhamnella rubrinervis,748,748,100%,0.0,64.72,542,"=HYPERLINK(""https://www.ncbi.nlm.nih.gov/protein/KAF3454928.1?report=genbank&log$=prottop&blast_rank=21&RID=M3C3EBRR01N"",""KAF3454928.1"")"
4-coumarate--CoA ligase-like 7 [Camellia sinensis],Camellia sinensis,748,748,100%,0.0,64.66,544,"=HYPERLINK(""https://www.ncbi.nlm.nih.gov/protein/XP_028105125.1?report=genbank&log$=prottop&blast_rank=22&RID=M3C3EBRR01N"",""XP_028105125.1"")"
hypothetical protein TEA_008408 [Camellia sinensis var. sinensis],Camellia sinensis var. sinensis,748,748,100%,0.0,64.66,659,"=HYPERLINK(""https://www.ncbi.nlm.nih.gov/protein/THG17379.1?report=genbank&log$=prottop&blast_rank=23&RID=M3C3EBRR01N"",""THG17379.1"")"
hypothetical protein F0562_022137 [Nyssa sinensis],Nyssa sinensis,748,748,100%,0.0,66.06,543,"=HYPERLINK(""https://www.ncbi.nlm.nih.gov/protein/KAA8544125.1?report=genbank&log$=prottop&blast_rank=24&RID=M3C3EBRR01N"",""KAA8544125.1"")"
probable CoA ligase CCL7 [Vitis vinifera],Vitis vinifera,745,745,100%,0.0,65.03,544,"=HYPERLINK(""https://www.ncbi.nlm.nih.gov/protein/XP_002276353.1?report=genbank&log$=prottop&blast_rank=25&RID=M3C3EBRR01N"",""XP_002276353.1"")"
hypothetical protein AQUCO_03000071v1 [Aquilegia coerulea],Aquilegia coerulea,745,745,100%,0.0,65.51,543,"=HYPERLINK(""https://www.ncbi.nlm.nih.gov/protein/PIA37227.1?report=genbank&log$=prottop&blast_rank=26&RID=M3C3EBRR01N"",""PIA37227.1"")"
4-coumarate--CoA ligase-like 7 [Vitis riparia],Vitis riparia,744,744,100%,0.0,64.66,544,"=HYPERLINK(""https://www.ncbi.nlm.nih.gov/protein/XP_034688063.1?report=genbank&log$=prottop&blast_rank=27&RID=M3C3EBRR01N"",""XP_034688063.1"")"
probable CoA ligase CCL7 [Ziziphus jujuba var. spinosa],Ziziphus jujuba var. spinosa,744,744,100%,0.0,64.90,542,"=HYPERLINK(""https://www.ncbi.nlm.nih.gov/protein/XP_015874554.1?report=genbank&log$=prottop&blast_rank=28&RID=M3C3EBRR01N"",""XP_015874554.1"")"
hypothetical protein PVL29_008063 [Vitis rotundifolia],Vitis rotundifolia,743,743,100%,0.0,64.85,544,"=HYPERLINK(""https://www.ncbi.nlm.nih.gov/protein/KAJ9699282.1?report=genbank&log$=prottop&blast_rank=29&RID=M3C3EBRR01N"",""KAJ9699282.1"")"
4-coumarate--CoA ligase-like 7 [Camellia lanceoleosa],Camellia lanceoleosa,743,743,100%,0.0,64.30,544,"=HYPERLINK(""https://www.ncbi.nlm.nih.gov/protein/KAI7991797.1?report=genbank&log$=prottop&blast_rank=30&RID=M3C3EBRR01N"",""KAI7991797.1"")"
4-coumarate--CoA ligase-like 7 [Pistacia vera],Pistacia vera,743,743,100%,0.0,63.29,544,"=HYPERLINK(""https://www.ncbi.nlm.nih.gov/protein/XP_031286312.1?report=genbank&log$=prottop&blast_rank=31&RID=M3C3EBRR01N"",""XP_031286312.1"")"
probable CoA ligase CCL7 [Ricinus communis],Ricinus communis,743,743,100%,0.0,64.61,542,"=HYPERLINK(""https://www.ncbi.nlm.nih.gov/protein/XP_002523698.1?report=genbank&log$=prottop&blast_rank=32&RID=M3C3EBRR01N"",""XP_002523698.1"")"
LOW QUALITY PROTEIN: 4-coumarate--CoA ligase-like 7 [Pistacia vera],Pistacia vera,743,743,100%,0.0,64.36,541,"=HYPERLINK(""https://www.ncbi.nlm.nih.gov/protein/XP_031286893.1?report=genbank&log$=prottop&blast_rank=33&RID=M3C3EBRR01N"",""XP_031286893.1"")"
probable CoA ligase CCL7 [Actinidia eriantha],Actinidia eriantha,741,741,100%,0.0,63.95,544,"=HYPERLINK(""https://www.ncbi.nlm.nih.gov/protein/XP_057475105.1?report=genbank&log$=prottop&blast_rank=34&RID=M3C3EBRR01N"",""XP_057475105.1"")"
hypothetical protein K2173_016606 [Erythroxylum novogranatense],Erythroxylum novogranatense,741,741,100%,0.0,64.96,543,"=HYPERLINK(""https://www.ncbi.nlm.nih.gov/protein/KAJ8751403.1?report=genbank&log$=prottop&blast_rank=35&RID=M3C3EBRR01N"",""KAJ8751403.1"")"
4cl [Vitis amurensis],Vitis amurensis,741,741,100%,0.0,64.30,544,"=HYPERLINK(""https://www.ncbi.nlm.nih.gov/protein/AWY10751.1?report=genbank&log$=prottop&blast_rank=36&RID=M3C3EBRR01N"",""AWY10751.1"")"
probable CoA ligase CCL7 [Carya illinoinensis],Carya illinoinensis,740,740,100%,0.0,65.03,544,"=HYPERLINK(""https://www.ncbi.nlm.nih.gov/protein/XP_042955668.1?report=genbank&log$=prottop&blast_rank=37&RID=M3C3EBRR01N"",""XP_042955668.1"")"
probable CoA ligase CCL7 isoform X2 [Cornus florida],Cornus florida,740,740,100%,0.0,64.08,545,"=HYPERLINK(""https://www.ncbi.nlm.nih.gov/protein/XP_059659309.1?report=genbank&log$=prottop&blast_rank=38&RID=M3C3EBRR01N"",""XP_059659309.1"")"
hypothetical protein I3843_13G104400 [Carya illinoinensis],Carya illinoinensis,740,740,100%,0.0,65.21,544,"=HYPERLINK(""https://www.ncbi.nlm.nih.gov/protein/KAG7950270.1?report=genbank&log$=prottop&blast_rank=39&RID=M3C3EBRR01N"",""KAG7950270.1"")"
AMP-dependent synthetase and ligase family protein [Actinidia rufa],Actinidia rufa,739,739,100%,0.0,63.77,544,"=HYPERLINK(""https://www.ncbi.nlm.nih.gov/protein/GFZ12827.1?report=genbank&log$=prottop&blast_rank=40&RID=M3C3EBRR01N"",""GFZ12827.1"")"
4-coumarate--CoA ligase-like [Actinidia chinensis var. chinensis],Actinidia chinensis var. chinensis,739,739,100%,0.0,63.77,544,"=HYPERLINK(""https://www.ncbi.nlm.nih.gov/protein/PSR95216.1?report=genbank&log$=prottop&blast_rank=41&RID=M3C3EBRR01N"",""PSR95216.1"")"
hypothetical protein CDL15_Pgr026864 [Punica granatum],Punica granatum,739,739,100%,0.0,63.99,542,"=HYPERLINK(""https://www.ncbi.nlm.nih.gov/protein/OWM73760.1?report=genbank&log$=prottop&blast_rank=42&RID=M3C3EBRR01N"",""OWM73760.1"")"
hypothetical protein JRO89_XS10G0174400 [Xanthoceras sorbifolium],Xanthoceras sorbifolium,738,738,100%,0.0,63.95,547,"=HYPERLINK(""https://www.ncbi.nlm.nih.gov/protein/KAH7561103.1?report=genbank&log$=prottop&blast_rank=43&RID=M3C3EBRR01N"",""KAH7561103.1"")"
4-coumarate--CoA ligase-like protein 7 [Vernicia montana],Vernicia montana,738,738,100%,0.0,64.17,542,"=HYPERLINK(""https://www.ncbi.nlm.nih.gov/protein/UNA06900.1?report=genbank&log$=prottop&blast_rank=44&RID=M3C3EBRR01N"",""UNA06900.1"")"
probable CoA ligase CCL7 [Manihot esculenta],Manihot esculenta,738,738,100%,0.0,64.90,564,"=HYPERLINK(""https://www.ncbi.nlm.nih.gov/protein/XP_021610754.1?report=genbank&log$=prottop&blast_rank=45&RID=M3C3EBRR01N"",""XP_021610754.1"")"
probable CoA ligase CCL7 [Mangifera indica],Mangifera indica,737,737,100%,0.0,63.57,540,"=HYPERLINK(""https://www.ncbi.nlm.nih.gov/protein/XP_044483448.1?report=genbank&log$=prottop&blast_rank=46&RID=M3C3EBRR01N"",""XP_044483448.1"")"
hypothetical protein K2173_023623 [Erythroxylum novogranatense],Erythroxylum novogranatense,736,736,100%,0.0,63.87,543,"=HYPERLINK(""https://www.ncbi.nlm.nih.gov/protein/KAJ8768719.1?report=genbank&log$=prottop&blast_rank=47&RID=M3C3EBRR01N"",""KAJ8768719.1"")"
4-coumarate--CoA ligase-like 7 [Durio zibethinus],Durio zibethinus,736,736,100%,0.0,63.27,545,"=HYPERLINK(""https://www.ncbi.nlm.nih.gov/protein/XP_022730293.1?report=genbank&log$=prottop&blast_rank=48&RID=M3C3EBRR01N"",""XP_022730293.1"")"
hypothetical protein F0562_022135 [Nyssa sinensis],Nyssa sinensis,736,736,100%,0.0,64.60,543,"=HYPERLINK(""https://www.ncbi.nlm.nih.gov/protein/KAA8544123.1?report=genbank&log$=prottop&blast_rank=49&RID=M3C3EBRR01N"",""KAA8544123.1"")"
hypothetical protein Nepgr_008938 [Nepenthes gracilis],Nepenthes gracilis,736,736,100%,0.0,63.80,1142,"=HYPERLINK(""https://www.ncbi.nlm.nih.gov/protein/GMH07098.1?report=genbank&log$=prottop&blast_rank=50&RID=M3C3EBRR01N"",""GMH07098.1"")"
4-coumarate:CoA ligase [Hevea brasiliensis subsp. brasiliensis],Hevea brasiliensis subsp. brasiliensis,735,735,100%,0.0,64.35,542,"=HYPERLINK(""https://www.ncbi.nlm.nih.gov/protein/ANG56499.1?report=genbank&log$=prottop&blast_rank=51&RID=M3C3EBRR01N"",""ANG56499.1"")"
4-coumarate--CoA ligase-like 7 [Juglans regia],Juglans regia,735,735,100%,0.0,64.30,544,"=HYPERLINK(""https://www.ncbi.nlm.nih.gov/protein/XP_018858801.1?report=genbank&log$=prottop&blast_rank=52&RID=M3C3EBRR01N"",""XP_018858801.1"")"
4-coumarate--CoA ligase-like 7 [Punica granatum],Punica granatum,735,735,100%,0.0,63.80,542,"=HYPERLINK(""https://www.ncbi.nlm.nih.gov/protein/XP_031387631.1?report=genbank&log$=prottop&blast_rank=53&RID=M3C3EBRR01N"",""XP_031387631.1"")"
4-coumarate--CoA ligase-like 7 [Juglans microcarpa x Juglans regia],Juglans microcarpa x Juglans regia,734,734,100%,0.0,64.48,544,"=HYPERLINK(""https://www.ncbi.nlm.nih.gov/protein/XP_040992290.1?report=genbank&log$=prottop&blast_rank=54&RID=M3C3EBRR01N"",""XP_040992290.1"")"
4-coumarate--CoA ligase-like 7 [Jatropha curcas],Jatropha curcas,734,734,100%,0.0,63.80,542,"=HYPERLINK(""https://www.ncbi.nlm.nih.gov/protein/XP_012064722.1?report=genbank&log$=prottop&blast_rank=55&RID=M3C3EBRR01N"",""XP_012064722.1"")"
4-coumarate-CoA ligase [Trema orientale],Trema orientale,734,734,100%,0.0,64.85,544,"=HYPERLINK(""https://www.ncbi.nlm.nih.gov/protein/POO01150.1?report=genbank&log$=prottop&blast_rank=56&RID=M3C3EBRR01N"",""POO01150.1"")"
probable CoA ligase CCL7 isoform X1 [Cornus florida],Cornus florida,734,734,100%,0.0,62.28,566,"=HYPERLINK(""https://www.ncbi.nlm.nih.gov/protein/XP_059659308.1?report=genbank&log$=prottop&blast_rank=57&RID=M3C3EBRR01N"",""XP_059659308.1"")"
hypothetical protein F2P56_032830 [Juglans regia],Juglans regia,733,733,100%,0.0,64.30,582,"=HYPERLINK(""https://www.ncbi.nlm.nih.gov/protein/KAF5447263.1?report=genbank&log$=prottop&blast_rank=58&RID=M3C3EBRR01N"",""KAF5447263.1"")"
4-coumarate--CoA ligase-like 1 [Elaeis guineensis],Elaeis guineensis,733,733,99%,0.0,65.38,544,"=HYPERLINK(""https://www.ncbi.nlm.nih.gov/protein/XP_010918637.1?report=genbank&log$=prottop&blast_rank=59&RID=M3C3EBRR01N"",""XP_010918637.1"")"
hypothetical protein L6164_022016 [Bauhinia variegata],Bauhinia variegata,733,733,100%,0.0,63.44,542,"=HYPERLINK(""https://www.ncbi.nlm.nih.gov/protein/KAI4322309.1?report=genbank&log$=prottop&blast_rank=60&RID=M3C3EBRR01N"",""KAI4322309.1"")"
hypothetical protein L6164_019050 [Bauhinia variegata],Bauhinia variegata,733,733,100%,0.0,63.62,542,"=HYPERLINK(""https://www.ncbi.nlm.nih.gov/protein/KAI4334348.1?report=genbank&log$=prottop&blast_rank=61&RID=M3C3EBRR01N"",""KAI4334348.1"")"
4-coumarate: coenzyme A ligase [Gloriosa superba],Gloriosa superba,733,733,99%,0.0,64.04,542,"=HYPERLINK(""https://www.ncbi.nlm.nih.gov/protein/WAU48310.1?report=genbank&log$=prottop&blast_rank=62&RID=M3C3EBRR01N"",""WAU48310.1"")"
hypothetical protein RJ640_021896 [Escallonia rubra],Escallonia rubra,733,733,100%,0.0,63.14,543,"=HYPERLINK(""https://www.ncbi.nlm.nih.gov/protein/KAK2980721.1?report=genbank&log$=prottop&blast_rank=63&RID=M3C3EBRR01N"",""KAK2980721.1"")"
4-coumarate--CoA ligase-like 7 isoform X1 [Carica papaya],Carica papaya,732,732,100%,0.0,63.82,545,"=HYPERLINK(""https://www.ncbi.nlm.nih.gov/protein/XP_021896204.1?report=genbank&log$=prottop&blast_rank=64&RID=M3C3EBRR01N"",""XP_021896204.1"")"
LOW QUALITY PROTEIN: probable CoA ligase CCL7 [Actinidia eriantha],Actinidia eriantha,732,732,100%,0.0,64.00,544,"=HYPERLINK(""https://www.ncbi.nlm.nih.gov/protein/XP_057508041.1?report=genbank&log$=prottop&blast_rank=65&RID=M3C3EBRR01N"",""XP_057508041.1"")"
probable CoA ligase CCL7 isoform X2 [Hevea brasiliensis],Hevea brasiliensis,732,732,100%,0.0,63.99,542,"=HYPERLINK(""https://www.ncbi.nlm.nih.gov/protein/XP_021648414.2?report=genbank&log$=prottop&blast_rank=66&RID=M3C3EBRR01N"",""XP_021648414.2"")"
probable CoA ligase CCL7 [Corylus avellana],Corylus avellana,731,731,100%,0.0,63.62,539,"=HYPERLINK(""https://www.ncbi.nlm.nih.gov/protein/XP_059429858.1?report=genbank&log$=prottop&blast_rank=67&RID=M3C3EBRR01N"",""XP_059429858.1"")"
hypothetical protein GIB67_000270 [Kingdonia uniflora],Kingdonia uniflora,731,731,100%,0.0,65.03,544,"=HYPERLINK(""https://www.ncbi.nlm.nih.gov/protein/KAF6140222.1?report=genbank&log$=prottop&blast_rank=68&RID=M3C3EBRR01N"",""KAF6140222.1"")"
hypothetical protein TIFTF001_000779 [Ficus carica],Ficus carica,729,729,100%,0.0,63.99,539,"=HYPERLINK(""https://www.ncbi.nlm.nih.gov/protein/GMN25006.1?report=genbank&log$=prottop&blast_rank=69&RID=M3C3EBRR01N"",""GMN25006.1"")"
probable CoA ligase CCL7 [Diospyros lotus],Diospyros lotus,729,729,100%,0.0,63.57,542,"=HYPERLINK(""https://www.ncbi.nlm.nih.gov/protein/XP_052186165.1?report=genbank&log$=prottop&blast_rank=70&RID=M3C3EBRR01N"",""XP_052186165.1"")"
4-coumarate-CoA ligase 7-2 [Morus alba],Morus alba,729,729,100%,0.0,63.99,539,"=HYPERLINK(""https://www.ncbi.nlm.nih.gov/protein/ALD83616.1?report=genbank&log$=prottop&blast_rank=71&RID=M3C3EBRR01N"",""ALD83616.1"")"
4-coumarate--CoA ligase-like 7 [Juglans microcarpa x Juglans regia],Juglans microcarpa x Juglans regia,729,729,100%,0.0,62.96,553,"=HYPERLINK(""https://www.ncbi.nlm.nih.gov/protein/XP_040994857.1?report=genbank&log$=prottop&blast_rank=72&RID=M3C3EBRR01N"",""XP_040994857.1"")"
PREDICTED: 4-coumarate--CoA ligase-like 7 [Theobroma cacao],Theobroma cacao,729,729,100%,0.0,62.36,545,"=HYPERLINK(""https://www.ncbi.nlm.nih.gov/protein/XP_007016849.2?report=genbank&log$=prottop&blast_rank=73&RID=M3C3EBRR01N"",""XP_007016849.2"")"
AMP-dependent synthetase and ligase family protein isoform 1 [Theobroma cacao],Theobroma cacao,729,729,100%,0.0,62.55,545,"=HYPERLINK(""https://www.ncbi.nlm.nih.gov/protein/EOY34468.1?report=genbank&log$=prottop&blast_rank=74&RID=M3C3EBRR01N"",""EOY34468.1"")"
4-coumarate-CoA ligase 7 [Morus alba],Morus alba,728,728,100%,0.0,63.99,539,"=HYPERLINK(""https://www.ncbi.nlm.nih.gov/protein/AOV62758.1?report=genbank&log$=prottop&blast_rank=75&RID=M3C3EBRR01N"",""AOV62758.1"")"
PREDICTED: 4-coumarate--CoA ligase-like 7 isoform X1 [Populus euphratica],Populus euphratica,728,728,100%,0.0,64.60,543,"=HYPERLINK(""https://www.ncbi.nlm.nih.gov/protein/XP_011021220.1?report=genbank&log$=prottop&blast_rank=76&RID=M3C3EBRR01N"",""XP_011021220.1"")"
4-coumarate-CoA ligase [Quillaja saponaria],Quillaja saponaria,728,728,100%,0.0,63.80,542,"=HYPERLINK(""https://www.ncbi.nlm.nih.gov/protein/KAJ7981047.1?report=genbank&log$=prottop&blast_rank=77&RID=M3C3EBRR01N"",""KAJ7981047.1"")"
PREDICTED: 4-coumarate--CoA ligase-like 7 isoform X2 [Populus euphratica],Populus euphratica,727,727,100%,0.0,64.42,543,"=HYPERLINK(""https://www.ncbi.nlm.nih.gov/protein/XP_011021221.1?report=genbank&log$=prottop&blast_rank=78&RID=M3C3EBRR01N"",""XP_011021221.1"")"
LOW QUALITY PROTEIN: 4-coumarate--CoA ligase-like 7 [Sesamum indicum],Sesamum indicum,726,726,100%,0.0,62.95,549,"=HYPERLINK(""https://www.ncbi.nlm.nih.gov/protein/XP_011089239.2?report=genbank&log$=prottop&blast_rank=79&RID=M3C3EBRR01N"",""XP_011089239.2"")"
4-coumarate--CoA ligase-like 7 [Juglans regia],Juglans regia,726,726,100%,0.0,63.14,540,"=HYPERLINK(""https://www.ncbi.nlm.nih.gov/protein/XP_035546196.1?report=genbank&log$=prottop&blast_rank=80&RID=M3C3EBRR01N"",""XP_035546196.1"")"
probable CoA ligase CCL7 [Corylus avellana],Corylus avellana,726,726,100%,0.0,63.25,539,"=HYPERLINK(""https://www.ncbi.nlm.nih.gov/protein/XP_059430522.1?report=genbank&log$=prottop&blast_rank=81&RID=M3C3EBRR01N"",""XP_059430522.1"")"
probable CoA ligase CCL7 [Populus trichocarpa],Populus trichocarpa,726,726,100%,0.0,64.05,543,"=HYPERLINK(""https://www.ncbi.nlm.nih.gov/protein/XP_006373451.3?report=genbank&log$=prottop&blast_rank=82&RID=M3C3EBRR01N"",""XP_006373451.3"")"
hypothetical protein RJ639_004310 [Escallonia herrerae],Escallonia herrerae,726,726,100%,0.0,63.14,543,"=HYPERLINK(""https://www.ncbi.nlm.nih.gov/protein/KAK3019028.1?report=genbank&log$=prottop&blast_rank=83&RID=M3C3EBRR01N"",""KAK3019028.1"")"
hypothetical protein F2P56_011270 [Juglans regia],Juglans regia,726,726,100%,0.0,63.14,553,"=HYPERLINK(""https://www.ncbi.nlm.nih.gov/protein/KAF5470781.1?report=genbank&log$=prottop&blast_rank=84&RID=M3C3EBRR01N"",""KAF5470781.1"")"
4-coumarate--CoA ligase family protein 10 [Populus tomentosa],Populus tomentosa,726,726,100%,0.0,64.05,543,"=HYPERLINK(""https://www.ncbi.nlm.nih.gov/protein/APR64148.1?report=genbank&log$=prottop&blast_rank=85&RID=M3C3EBRR01N"",""APR64148.1"")"
hypothetical protein Ddye_025199 [Dipteronia dyeriana],Dipteronia dyeriana,726,726,100%,0.0,62.27,549,"=HYPERLINK(""https://www.ncbi.nlm.nih.gov/protein/KAK2643436.1?report=genbank&log$=prottop&blast_rank=86&RID=M3C3EBRR01N"",""KAK2643436.1"")"
Acyl-CoA synthetase [Handroanthus impetiginosus],Handroanthus impetiginosus,725,725,99%,0.0,63.11,547,"=HYPERLINK(""https://www.ncbi.nlm.nih.gov/protein/PIN09597.1?report=genbank&log$=prottop&blast_rank=87&RID=M3C3EBRR01N"",""PIN09597.1"")"
hypothetical protein RJ640_021897 [Escallonia rubra],Escallonia rubra,724,724,100%,0.0,61.57,612,"=HYPERLINK(""https://www.ncbi.nlm.nih.gov/protein/KAK2990922.1?report=genbank&log$=prottop&blast_rank=88&RID=M3C3EBRR01N"",""KAK2990922.1"")"
hypothetical protein Vadar_006747 [Vaccinium darrowii],Vaccinium darrowii,724,724,100%,0.0,63.11,547,"=HYPERLINK(""https://www.ncbi.nlm.nih.gov/protein/KAH7862580.1?report=genbank&log$=prottop&blast_rank=89&RID=M3C3EBRR01N"",""KAH7862580.1"")"
hypothetical protein I3842_14G090400 [Carya illinoinensis],Carya illinoinensis,724,724,100%,0.0,62.41,540,"=HYPERLINK(""https://www.ncbi.nlm.nih.gov/protein/KAG6678627.1?report=genbank&log$=prottop&blast_rank=90&RID=M3C3EBRR01N"",""KAG6678627.1"")"
4-coumarate-CoA ligase [Parasponia andersonii],Parasponia andersonii,723,723,100%,0.0,64.12,544,"=HYPERLINK(""https://www.ncbi.nlm.nih.gov/protein/PON66492.1?report=genbank&log$=prottop&blast_rank=91&RID=M3C3EBRR01N"",""PON66492.1"")"
hypothetical protein EUGRSUZ_B03943 [Eucalyptus grandis],Eucalyptus grandis,723,723,100%,0.0,62.03,670,"=HYPERLINK(""https://www.ncbi.nlm.nih.gov/protein/KCW87479.1?report=genbank&log$=prottop&blast_rank=92&RID=M3C3EBRR01N"",""KCW87479.1"")"
4-coumarate--CoA ligase-like 7 [Morus notabilis],Morus notabilis,723,723,100%,0.0,63.62,539,"=HYPERLINK(""https://www.ncbi.nlm.nih.gov/protein/XP_024031444.1?report=genbank&log$=prottop&blast_rank=93&RID=M3C3EBRR01N"",""XP_024031444.1"")"
probable CoA ligase CCL7 [Spinacia oleracea],Spinacia oleracea,723,723,100%,0.0,62.34,540,"=HYPERLINK(""https://www.ncbi.nlm.nih.gov/protein/XP_021853386.1?report=genbank&log$=prottop&blast_rank=94&RID=M3C3EBRR01N"",""XP_021853386.1"")"
4-coumarate--CoA ligase-like 7 [Tripterygium wilfordii],Tripterygium wilfordii,723,723,100%,0.0,62.52,544,"=HYPERLINK(""https://www.ncbi.nlm.nih.gov/protein/XP_038707703.1?report=genbank&log$=prottop&blast_rank=95&RID=M3C3EBRR01N"",""XP_038707703.1"")"
unnamed protein product [Linum tenue],Linum tenue,723,723,100%,0.0,62.48,555,"=HYPERLINK(""https://www.ncbi.nlm.nih.gov/protein/CAI0397971.1?report=genbank&log$=prottop&blast_rank=96&RID=M3C3EBRR01N"",""CAI0397971.1"")"
4-coumarate-CoA ligase [Melia azedarach],Melia azedarach,723,723,100%,0.0,62.91,545,"=HYPERLINK(""https://www.ncbi.nlm.nih.gov/protein/KAJ4725038.1?report=genbank&log$=prottop&blast_rank=97&RID=M3C3EBRR01N"",""KAJ4725038.1"")"
LOW QUALITY PROTEIN: 4-coumarate--CoA ligase-like 7 [Eucalyptus grandis],Eucalyptus grandis,723,723,100%,0.0,62.03,544,"=HYPERLINK(""https://www.ncbi.nlm.nih.gov/protein/XP_010045319.2?report=genbank&log$=prottop&blast_rank=98&RID=M3C3EBRR01N"",""XP_010045319.2"")"
AMP-dependent synthetase/ligase [Corchorus capsularis],Corchorus capsularis,722,722,100%,0.0,61.96,547,"=HYPERLINK(""https://www.ncbi.nlm.nih.gov/protein/OMO82790.1?report=genbank&log$=prottop&blast_rank=99&RID=M3C3EBRR01N"",""OMO82790.1"")"
PREDICTED: 4-coumarate--CoA ligase-like 7 [Fragaria vesca subsp. vesca],Fragaria vesca subsp. vesca,722,722,100%,0.0,63.32,543,"=HYPERLINK(""https://www.ncbi.nlm.nih.gov/protein/XP_004291645.1?report=genbank&log$=prottop&blast_rank=100&RID=M3C3EBRR01N"",""XP_004291645.1"")"



		


